<dir>
<title>search TMDB</title>
<tmdb>search</tmdb>
<thumbnail>http://i.imgur.com/sxGxru.jpg</thumbnail>
</dir>

<dir>
<title>search Trakt</title>
<trakt>search</trakt>
<thumbnail>https://i.imgur.com/sZCj7eC.jpg</thumbnail>
</dir>

<dir>
<title>TMDB Action Movies</title>
<tmdb>genre/movies/28</tmdb>
</dir>

<plugin>
<name>settings</name>
<link>plugin://plugin.video.monster/?action=opensetting</link>
<animated_thumbnail>i.imgur.com/lbg.gif</animated_thumbnail>
<thumbnail>http://i.imgur.com/TQTi54Z.jpg</thumbnail>
</plugin>



    